<?xml version="1.0"?>
<!DOCTYPE hibernate-mapping PUBLIC "-//Hibernate/Hibernate Mapping DTD 3.0//EN"
"http://hibernate.sourceforge.net/hibernate-mapping-3.0.dtd">
<hibernate-mapping>
<class entity-name="GY_BRXZ" table="GY_BRXZ">
			<id name="BRXZ" type="java.lang.Long">
            	<column name="BRXZ"/>
            	<generator class="assigned" />
        	</id>
        	<property name="XZMC" type="java.lang.String" length="30" />
        	<property name="SJXZ" type="java.lang.Long" length="18" />
        	<property name="GSXZ" type="java.lang.Long" length="18" />
        	<property name="PYDM" type="java.lang.String" length="6" />
        	<property name="ZHPB" type="java.lang.String" length="1" />
        	<property name="DBPB" type="java.lang.Integer" length="1" />
        	<property name="MZSY" type="java.lang.Integer" length="1" />
        	<property name="ZYSY" type="java.lang.Integer" length="1" />
        	<property name="SSBL" type="java.lang.Double" length="4" />
        	<property name="CFXJ" type="java.lang.Double" length="12" />
        	<property name="CFXE" type="java.lang.Double" length="12" />
        	<property name="PLSX" type="java.lang.String" length="10" />
        	<property name="XZDL" type="java.lang.String" length="10" />
        	<property name="TFFBJY" type="java.lang.Integer" length="1" />
</class>
</hibernate-mapping>