<?xml version="1.0"?>
<!DOCTYPE hibernate-mapping PUBLIC "-//Hibernate/Hibernate Mapping DTD 3.0//EN"
"http://hibernate.sourceforge.net/hibernate-mapping-3.0.dtd">
<hibernate-mapping>
	<class entity-name="GY_JBBM" table="GY_JBBM">
		<id name="JBXH" type="java.lang.Long">
			<column name="JBXH"/>
			<generator class="assigned" />
		</id>
		<property name="DMLB" type="java.lang.Integer" length="2" />
		<property name="JBMC" type="java.lang.String" length="80" />
		<property name="JBLB" type="java.lang.Long" length="18" />
		<property name="PYDM" type="java.lang.String" length="8" />
		<property name="ICD9" type="java.lang.String" length="20" />
		<property name="ICD10" type="java.lang.String" length="20" />
		<property name="QTXM" type="java.lang.String" length="20" />
		<property name="FJBM" type="java.lang.String" length="20" />
		<property name="XBXZ" type="java.lang.Integer" length="1" />
		<property name="YXZY" type="java.lang.Integer" length="1" />
		<property name="YXHZ" type="java.lang.Integer" length="1" />
		<property name="YXWY" type="java.lang.Integer" length="1" />
		<property name="YXSW" type="java.lang.Integer" length="1" />
		<property name="YXQT" type="java.lang.Integer" length="1" />
		<property name="KZFS" type="java.lang.Integer" length="1" />
		<property name="BZXX" type="text" length="2000" />
		<property name="JBPB" type="java.lang.String" length="500" />
		<property name="JBBGK" type="java.lang.String" length="2" />
		<property name="WBDM" type="java.lang.String" length="10" />
		<property name="JXDM" type="java.lang.String" length="10" />
		<property name="QTDM" type="java.lang.String" length="10" />
		<property name="BHDM" type="java.lang.String" length="10" />
		<property name="YBBM" type="java.lang.String" length="20" />
        <property name="YBBM_YH" type="java.lang.String" length="20" />
	</class>
</hibernate-mapping>