<?xml version="1.0"?>
<!DOCTYPE hibernate-mapping PUBLIC 
	"-//Hibernate/Hibernate Mapping DTD 3.0//EN"
	"http://www.hibernate.org/dtd/hibernate-mapping-3.0.dtd">
<hibernate-mapping>
	<class entity-name="QualityData_Error" table="QualityData_Error">
		<id name="QualityDataId" type="java.lang.Integer">
	    	<column name="QualityDataId"/>
	    	<generator class="sequence">
            	<param name="sequence">SEQ_QualityData_Error</param>
           	</generator>
		</id>
		<property name="RecordClassifying" type="java.lang.String" length="32" />
		<property name="Authororganization" type="java.lang.String" length="32" />
		<property name="StatDate" type="date"  />
		<property name="StageType" type="java.lang.String" length="1" />
		<property name="ErrorType" type="java.lang.String" length="4" />
		<property name="ErrorCount" type="java.lang.Integer"  />
		<property name="UploadTime" type="date"  />
	</class>
</hibernate-mapping>