<?xml version="1.0"?>
<!DOCTYPE hibernate-mapping PUBLIC "-//Hibernate/Hibernate Mapping DTD 3.0//EN"
"http://www.hibernate.org/dtd/hibernate-mapping-3.0.dtd">
<hibernate-mapping>
	<class entity-name="gp.application.rel.schemas.REL_RelevanceDoctor" table="REL_RelevanceDoctor">
		<id name="recordId" type="java.lang.String" length="16">
			<column name="recordId" />
			<generator class="assigned" />
		</id>
		<property name="fda" type="java.lang.String" length="20"/>
		<property name="fd" type="java.lang.String" length="20"/>
		<property name="fd_text" type="java.lang.String" length="20"/>
	</class>
</hibernate-mapping>