<?xml version="1.0"?>
<!DOCTYPE hibernate-mapping PUBLIC 
	"-//Hibernate/Hibernate Mapping DTD 3.0//EN"
	"http://www.hibernate.org/dtd/hibernate-mapping-3.0.dtd">
<hibernate-mapping>
<class entity-name="SYS_MessageLog" table="SYS_MessageLog">
			<id name="Id" type="java.lang.Integer">
		    	<column name="Id"/>
				<generator class="sequence">
	            	<param name="sequence">SEQ_SYS_MESSAGELOG</param>
	           	</generator>
			</id>
        	<property name="Uuid" type="java.lang.String" length="100" />
        	<property name="Sender" type="java.lang.String" length="100" />
        	<property name="Receiver" type="java.lang.String" length="100" />
        	<property name="Topic" type="java.lang.String" length="100" />
        	<property name="IsSuccess" type="java.lang.String" length="10" />
        	<property name="SendDate" type="timestamp"/>
        	<property name="ReceiveDate" type="timestamp"/>
</class>
</hibernate-mapping>