<?xml version="1.0"?>
<!DOCTYPE hibernate-mapping PUBLIC 
	"-//Hibernate/Hibernate Mapping DTD 3.0//EN"
	"http://www.hibernate.org/dtd/hibernate-mapping-3.0.dtd">
<hibernate-mapping>
<class entity-name="SYS_MESSAGE" table="SYS_MESSAGE">
			<id name="ID" type="java.lang.Integer">
            	<column name="ID"/>
            	<generator class="sequence">
            	<param name="sequence">SEQ_SYS_MESSAGE</param>
           	</generator>
        	</id>
        	<property name="SENDER" type="java.lang.String" length="50" />
        	<property name="RECEIVER_USERS" type="java.lang.String" length="200" />
        	<property name="RECEIVER_ROLES" type="java.lang.String" length="200" />
        	<property name="RECEIVER_UNITS" type="java.lang.String" length="200" />
        	<property name="SUBJECT" type="java.lang.String" length="100" />
        	<property name="CONTENT" type="java.lang.String" length="4000" />
        	<property name="SENDDATE" type="timestamp"  />
        	<property name="PERIOD" type="date"  />
        	<property name="READFLAG" type="java.lang.Integer"  />
        	<property name="BACKLOG" type="java.lang.String" length="50"/>
        	<property name="DELFLAG" type="java.lang.Integer"  />
        	<property name="SYS_DELFLAG" type="java.lang.Integer"  />
        	<property name="IMPORTANCE" type="java.lang.String" length="1" />
</class>
</hibernate-mapping>