<?xml version="1.0"?>
<!DOCTYPE hibernate-mapping PUBLIC 
	"-//Hibernate/Hibernate Mapping DTD 3.0//EN"
	"http://www.hibernate.org/dtd/hibernate-mapping-3.0.dtd">
<hibernate-mapping>
	<class entity-name="SYS_HomePage" table="SYS_HomePage">
		<id name="id" type="java.lang.Integer" length="30">
			<column name="id" />
			<generator class="sequence">
            	<param name="sequence">SEQ_SYS_HomePage</param>
           	</generator>
		</id>
		<property name="userId" type="java.lang.String" length="30" />
		<property name="moduleId" type="java.lang.String" length="50" />
		<property name="position" type="java.lang.String" length="50" />
		<property name="appId" type="java.lang.String" length="50" />
	</class>
</hibernate-mapping>