<?xml version="1.0"?>
<!DOCTYPE hibernate-mapping PUBLIC 
	"-//Hibernate/Hibernate Mapping DTD 3.0//EN"
	"http://www.hibernate.org/dtd/hibernate-mapping-3.0.dtd">
<hibernate-mapping>
<class entity-name="SYS_Log4j" table="SYS_log4j">
			<id name="ID" type="java.lang.Integer">
            	<column name="ID"/>
            	<generator class="sequence">
            	<param name="sequence">SEQ_SYS_Log4j</param>
           	</generator>
        	</id>
        	<property name="logLevel" type="java.lang.String" length="10" />
        	<property name="logDate" type="timestamp"/>
        	<property name="logClass" type="java.lang.String" length="100" />
        	<property name="logRowNumber" type="java.lang.String" length="5" />
        	<property name="logMessage" type="text"/>
        	<property name="logType" type="java.lang.String" length="1"/>
        	<property name="logUser" type="java.lang.String" length="20"/>
        	<property name="logInfo" type="blob"  />
        	<property name="infoType" type="java.lang.Integer"  />
</class>
</hibernate-mapping>