<?xml version="1.0" encoding="UTF-8"?>
<Request>
		<Header>
		<DocInfo>
			<RecordClassifying>emr01</RecordClassifying>
			<RecordTitle>emr01</RecordTitle>
			<EffectiveTime>2012-05-08T13:03:08</EffectiveTime>
			<Authororganization>珠海人民医院</Authororganization>
			<SourceID>3999238</SourceID>
			<VersionNumber>2011</VersionNumber>
			<AuthorID>8888</AuthorID>
			<Author>赵欢</Author>
			<SystemTime>2012-05-08T13:05:22</SystemTime>
		</DocInfo>
		<Patient>
			<PersonName>王平</PersonName>
			<SexCode>1</SexCode>
			<Birthday>1963-09-02</Birthday>
			<RegisteredPermanent>04</RegisteredPermanent>
			<AddressType>02</AddressType>
			<Address>珠海</Address>
			<ContactNo>13387212242</ContactNo>
			<NationalityCode>01</NationalityCode>
			<NationCode>32</NationCode>
			<BloodTypeCode>01</BloodTypeCode>
			<RhBloodCode>01</RhBloodCode>
			<MaritalStatusCode>02</MaritalStatusCode>
			<StartWorkDate>1980-03-22</StartWorkDate>
			<WorkCode>02</WorkCode>
			<EducationCode>03</EducationCode>
			<InsuranceCode>03</InsuranceCode>
			<InsuranceType>02</InsuranceType>
			<WorkPlace>珠海供电局</WorkPlace>
		</Patient>
	</Header>
	<Body DocFormat="bsxml">
	</Body>
</Request>
