<?xml version="1.0" encoding="UTF-8"?>
<beans xmlns="http://www.springframework.org/schema/beans"
	xmlns:xsi="http://www.w3.org/2001/XMLSchema-instance" xmlns:p="http://www.springframework.org/schema/p"
	xsi:schemaLocation="http://www.springframework.org/schema/beans http://www.springframework.org/schema/beans/spring-beans-3.0.xsd">

	<bean id="dataSource" class="com.alibaba.druid.pool.DruidDataSource" init-method="init" destroy-method="close">

		<property name="url" value="jdbc:oracle:thin:@111.229.217.35:1521:orcl" />
		<property name="username" value="PHISKF" />
		<property name="password" value="PHISKF" />
		 <!--
		<property name="url" value="jdbc:mysql://5846721e3d9c4.gz.cdb.myqcloud.com:17812/platform?useUnicode=true&amp;characterEncoding=utf-8" />
        <property name="username" value="cdb_outerroot" />
        <property name="password" value="Yang11223" />-->
		<property name="filters" value="stat" />
		<property name="maxActive" value="200" />
		<property name="initialSize" value="2" />
		<property name="maxWait" value="60000" />
		<property name="minIdle" value="1" />
		<property name="timeBetweenEvictionRunsMillis" value="60000" />
		<property name="minEvictableIdleTimeMillis" value="300000" />
		<property name="validationQuery" value="SELECT 'x' FROM DUAL" />
		<property name="testWhileIdle" value="true" />
		<property name="testOnBorrow" value="false" />
		<property name="testOnReturn" value="false" />
		<property name="poolPreparedStatements" value="true" />
		<property name="maxPoolPreparedStatementPerConnectionSize" value="100" />
		<property name="removeAbandoned" value="true" />
		<property name="removeAbandonedTimeout" value="1800" />
		<property name="logAbandoned" value="true" />
	</bean>

	<bean id="mySessionFactory"	class="org.springframework.orm.hibernate3.LocalSessionFactoryBean">
		<property name="dataSource" ref="dataSource" />
		<property name="mappingLocations">
			<value>classpath:mappings/**/*.hbm.xml</value>
		</property>
		<property name="mappingJarLocations">
			<value>WEB-INF/lib/ssdev-core*.jar</value>
		</property>
		<property name="hibernateProperties">
			<props>
				<prop key="hibernate.dialect">org.hibernate.dialect.Oracle10gDialect</prop>
				<!--
				<prop key="hibernate.dialect">org.hibernate.dialect.DB2Dialect</prop>
				-->
				<prop key="hibernate.show_sql">true</prop>
				<prop key="hibernate.format_sql">false</prop>
				<prop key="hibernate.generate_statistics">false</prop>
				<prop key="hibernate.connection.release_mode">auto</prop>
				<prop key="hibernate.autoReconnect">true</prop>
				<prop key="hibernate.cache.use_second_level_cache">false</prop>
				<prop key="hibernate.jdbc.fetch_size">100</prop>
				<prop key="hibernate.jdbc.batch_size">50</prop>
			</props>
		</property>
	</bean>
</beans>
